{
    "A": {
        "avg": 71.0788,
        "mono": 71.03711
    },
    "C": {
        "avg": 103.1388,
        "mono": 103.00919
    },
    "D": {
        "avg": 115.0886,
        "mono": 115.02694
    },
    "E": {
        "avg": 129.1155,
        "mono": 129.04259
    },
    "F": {
        "avg": 147.1766,
        "mono": 147.06841
    },
    "G": {
        "avg": 57.0519,
        "mono": 57.02146
    },
    "H": {
        "avg": 137.1411,
        "mono": 137.05891
    },
    "I": {
        "avg": 113.1594,
        "mono": 113.08406
    },
    "K": {
        "avg": 128.1741,
        "mono": 128.09496
    },
    "L": {
        "avg": 113.1594,
        "mono": 113.08406
    },
    "M": {
        "avg": 131.1926,
        "mono": 131.04049
    },
    "N": {
        "avg": 114.1038,
        "mono": 114.04293
    },
    "P": {
        "avg": 97.1167,
        "mono": 97.05276
    },
    "Q": {
        "avg": 128.1307,
        "mono": 128.05858
    },
    "R": {
        "avg": 156.1875,
        "mono": 156.10111
    },
    "S": {
        "avg": 87.0782,
        "mono": 87.03203
    },
    "T": {
        "avg": 101.1051,
        "mono": 101.04768
    },
    "V": {
        "avg": 99.1326,
        "mono": 99.06841
    },
    "W": {
        "avg": 186.2132,
        "mono": 186.07931
    },
    "Y": {
        "avg": 163.176,
        "mono": 163.06333
    }
}
